Front,Back,Tags
"What is a variable in programming and what is its primary purpose?","A variable is a named storage location that holds a value. It allows programs to store, retrieve, and manipulate data throughout execution.","variables and expressions"
"Explain what happens in memory when you reassign a variable to a new value.","The variable name now points to the new value's memory location. The old value becomes unreferenced and eligible for garbage collection.","variables and expressions"
"When evaluating an assignment statement like variable = expression, which side is processed first and why?","The right side (expression) is evaluated first to determine the value, then that value is assigned to the variable on the left.","variables and expressions"
"What does it mean for a data type to be immutable, and why is this important?","Immutable objects cannot be changed after creation. Any ""modification"" creates a new object. This prevents unexpected changes and makes code more predictable.","variables and expressions"
"What is the purpose of object identity in Python, and how can it be useful for debugging?","Object identity shows where an object is stored in memory. It helps determine if two variables reference the same object or different objects with the same value.","variables and expressions"
"How do operator precedence rules affect expression evaluation, and what tool can override these rules?","Operators are evaluated in a specific order (multiplication before addition, etc.). Parentheses can force different evaluation order by grouping operations.","variables and expressions"
"What is the key difference between regular assignment and compound operators?","Compound operators (+=, -=, etc.) combines an operation with assignment in one step, modifying the variable's value based on its current value.","variables and expressions"
"Explain the conceptual difference between division operations that return integers versus those that return decimals.","Integer division (or floor division) truncates the decimal portion (rounds down), while regular division preserves the decimal result as a floating-point number.","variables and expressions"
"What mathematical concept does the modulo operator represent, and when is it useful?","Modulo returns the remainder after division. It's useful for cycling through values, checking divisibility, and extracting digits from numbers.","variables and expressions"
"Why do computers use a special data type for decimal numbers instead of just integers?","Floating-point representation allows computers to store and calculate with fractional values and very large/small numbers using scientific notation.","variables and expressions"
"What limitation do computers have when representing very large numbers, and what happens when this limit is exceeded?","Computers have finite memory for numbers. When values exceed the representable range, overflow occurs, leading to incorrect results or error conditions.","variables and expressions"
"How does scientific notation in programming languages relate to mathematical scientific notation?","Programming uses 'e' or 'E' to represent ""times 10 to the power of"" - it's a compact way to write very large or very small numbers.","variables and expressions"
"What does case sensitivity mean for variables in programming languages, and why does it matter?","Case sensitivity means uppercase and lowercase letters are treated as distinct characters. This affects variable naming and can cause errors if not handled consistently.","variables and expressions"
"Why are certain words reserved in programming languages, and how does this affect variable naming?","Reserved words (keywords) have special meaning in the language syntax. They cannot be used as variable names to avoid confusion between user-defined names and language constructs.","variables and expressions"
"What makes an assignment statement syntactically correct, and what are common mistakes?","Assignment requires a variable name on the left and a value/expression on the right. Common errors include reversing this order or trying to assign to expressions.","variables and expressions"
"What is the purpose of importing modules, and how does it affect code organization?","Importing makes external functions and constants available in your program. It promotes code reuse and keeps programs organized by grouping related functionality.","variables and expressions"
"Why might you use mathematical functions instead of writing calculations manually?","Math functions provide accuracy, handle edge cases, and are optimized. They also make code more readable and less error-prone than manual implementations.","variables and expressions"
"What is the purpose of rounding functions, and how do different rounding methods affect results?","Rounding functions convert floating-point numbers to integers using different strategies (up, down, nearest), each useful for different problem contexts.","variables and expressions"
"When calculating geometric formulas, why is it important to understand order of operations?","Complex formulas require correct precedence to get accurate results. Mathematical operations must be grouped and sequenced properly to match the intended formula.","variables and expressions"
"What is the fundamental difference between functions that generate ranges versus specific ranges in random modules?","Range functions (like randrange) exclude the upper bound, while interval functions (like randint) include both bounds. Understanding this prevents off-by-one errors.","variables and expressions"
"How do you determine the number of possible outcomes when generating random integers in a range?","For inclusive ranges: (max - min + 1). For exclusive upper bound: (max - min). This helps verify your random generation covers the intended values.","variables and expressions"
"Why is it important to understand the boundaries when generating random numbers for specific applications?","Different applications need different ranges (months 1-12, dice 1-6, etc.). Incorrect boundaries can produce invalid values for your use case.","variables and expressions"
"What problem do escape sequences solve in string literals, and how do they work?","Escape sequences allow including special characters (quotes, newlines, backslashes) in strings that would otherwise confuse the parser or be impossible to type.","variables and expressions"
"How does the backslash character function differently as an escape character versus a literal character?","A single backslash starts an escape sequence, while a double backslash (\) represents one literal backslash character in the final string.","variables and expressions"
"What strategies can you use to include quote characters within string literals?","Use escape sequences (' or ""), alternate quote types (single vs double), or triple quotes for multi-line strings containing quotes.","variables and expressions"
"How does character encoding relate to displaying characters from their numeric codes?","Characters are stored as numbers (ASCII/Unicode). Functions can convert between numeric codes and their visual character representations.","variables and expressions"
"How can a Python program detect whether it's being run directly or imported as a module?","The name variable contains different values: the module name when imported, or ""main"" when run directly. This allows different behavior in each case.","variables and expressions"
"What is the relationship between function definitions and the data they operate on?","Functions receive input through parameters/arguments, allowing the same code to work with different data values each time it's called.","variables and expressions"
"When converting between time units, what mathematical operation extracts the ""whole"" portions versus the ""remainder"" portions?","Integer division (//) gives whole units (like complete minutes), while modulo (%) gives leftover amounts (like remaining seconds).","variables and expressions"
"How do you map real-world ranges (like months, days) to the ranges that random number functions expect?","Identify the valid range for your domain (1-12 for months), then choose the appropriate random function and parameters to generate exactly that range.","variables and expressions"
"What is the relationship between compound assignment operators and their expanded forms?","Compound operators are shorthand: x += y means x = x + y. Understanding this equivalence helps debug and understand code behavior.","variables and expressions"